{"nodes":{"node:1":{"location":{"x":128,"y":176}}},"selection":null,"view":{"scroll":{"x":107.966148376464844,"y":100.578468322753906},"visible_rect":{"max":{"x":695.29754638671875,"y":446.123931884765625},"min":{"x":82.6777572631835938,"y":77.0204544067382812}},"zoom":1.30586695671081543}}